text,region
"Love this sustainable brand! Best eco-friendly products.",west
"Great quality but a bit expensive for my budget.",midwest
"Amazing innovation! This is the future of shopping.",northeast
"Good products, wish they had more deals.",southeast
"Fantastic customer service and green packaging!",west
"Excellent quality, worth the premium price.",northeast
"Very satisfied with my purchase, great value.",midwest
"Impressed by the commitment to sustainability.",west
"Good selection but delivery was slow.",southeast
"Top-notch products, highly recommend!",northeast
